﻿<Addresses>
	<Address id="9">
		<AddressLine1>Avenida de las Américas 154</AddressLine1>
		<CountryRegion>
			España
			<City>Madrid</City>
			<StateProvince>Madrid</StateProvince>
		</CountryRegion>
		<PostalCode>28080</PostalCode>


	</Address>
	<Address id="11">
		<AddressLine1>Pi i Margall, S/N</AddressLine1>
		<CountryRegion>
			España
			<City>Barcelona</City>
			<StateProvince>Cataluña</StateProvince>
		</CountryRegion>
		<PostalCode>08003</PostalCode>


	</Address>
	<Address id="5">
		<AddressLine1>9178 Jumping St.</AddressLine1>
		<CountryRegion>
			España
			<City>Santiago de Compostela</City>
			<StateProvince>Galicia</StateProvince>
		</CountryRegion>
		<PostalCode>15273</PostalCode>


	</Address>
</Addresses>